#,entity_code,entity_name,license_number,bill_date,etin,brand_name,package_size,package_type,Plan Id,sold_qty
1,24080025,M/s Sri Ganapathi Wines Bhavanipuram,RETAIL24080025,2025-05-01,SIRIS0110D76140400900N26001545FLKAN1106050033,Siri 's Classic Blue Finest Whisky,90,Pet Bottle,BOTTELING_PLAN_1020146,44
2,24080025,M/s Sri Ganapathi Wines Bhavanipuram,RETAIL24080025,2025-05-02,SIRIS0110D76140400900N26001545FLKAN1106050033,Siri 's Classic Blue Finest Whisky,90,Pet Bottle,BOTTELING_PLAN_1020146,131
3,24080025,M/s Sri Ganapathi Wines Bhavanipuram,RETAIL24080025,2025-05-03,SIRIS0110D76140400900N26001545FLKAN1106050033,Siri 's Classic Blue Finest Whisky,90,Pet Bottle,BOTTELING_PLAN_1020146,126
4,24080025,M/s Sri Ganapathi Wines Bhavanipuram,RETAIL24080025,2025-05-04,SIRIS0110D76140400900N26001545FLKAN1106050033,Siri 's Classic Blue Finest Whisky,90,Pet Bottle,BOTTELING_PLAN_1020146,141
5,24080025,M/s Sri Ganapathi Wines Bhavanipuram,RETAIL24080025,2025-05-05,SIRIS0110D76140400900N26001545FLKAN1106050033,Siri 's Classic Blue Finest Whisky,90,Pet Bottle,BOTTELING_PLAN_1020146,162
6,24080025,M/s Sri Ganapathi Wines Bhavanipuram,RETAIL24080025,2025-05-06,SIRIS0110D76140400900N26001545FLKAN1106050033,Siri 's Classic Blue Finest Whisky,90,Pet Bottle,BOTTELING_PLAN_1020146,165
7,24080025,M/s Sri Ganapathi Wines Bhavanipuram,RETAIL24080025,2025-05-07,SIRIS0110D76140400900N26001545FLKAN1106050033,Siri 's Classic Blue Finest Whisky,90,Pet Bottle,BOTTELING_PLAN_1020146,164
8,24080025,M/s Sri Ganapathi Wines Bhavanipuram,RETAIL24080025,2025-05-08,SIRIS0110D76140400900N26001545FLKAN1106050033,Siri 's Classic Blue Finest Whisky,90,Pet Bottle,BOTTELING_PLAN_1020146,176
9,24080025,M/s Sri Ganapathi Wines Bhavanipuram,RETAIL24080025,2025-05-10,SIRIS0110D76140400900N26001545FLKAN1106050033,Siri 's Classic Blue Finest Whisky,90,Pet Bottle,BOTTELING_PLAN_1020146,134
10,24080025,M/s Sri Ganapathi Wines Bhavanipuram,RETAIL24080025,2025-05-11,SIRIS0110D76140400900N26001545FLKAN1106050033,Siri 's Classic Blue Finest Whisky,90,Pet Bottle,BOTTELING_PLAN_1020146,165
11,24080025,M/s Sri Ganapathi Wines Bhavanipuram,RETAIL24080025,2025-05-12,SIRIS0110D76140400900N26001545FLKAN1106050033,Siri 's Classic Blue Finest Whisky,90,Pet Bottle,BOTTELING_PLAN_1020146,130
12,24080025,M/s Sri Ganapathi Wines Bhavanipuram,RETAIL24080025,2025-05-09,SIRIS0110D76140400900N26001545FLKAN1106050033,Siri 's Classic Blue Finest Whisky,90,Pet Bottle,BOTTELING_PLAN_1020146,178
13,24080025,M/s Sri Ganapathi Wines Bhavanipuram,RETAIL24080025,2025-05-14,SIRIS0110D76140400900N26001545FLKAN1106050033,Siri 's Classic Blue Finest Whisky,90,Pet Bottle,BOTTELING_PLAN_1020146,86
14,24080025,M/s Sri Ganapathi Wines Bhavanipuram,RETAIL24080025,2025-05-15,SIRIS0110D76140400900N26001545FLKAN1106050033,Siri 's Classic Blue Finest Whisky,90,Pet Bottle,BOTTELING_PLAN_1021151,132
15,24080025,M/s Sri Ganapathi Wines Bhavanipuram,RETAIL24080025,2025-05-16,SIRIS0110D76140400900N26001545FLKAN1106050033,Siri 's Classic Blue Finest Whisky,90,Pet Bottle,BOTTELING_PLAN_1021053,169
16,24080025,M/s Sri Ganapathi Wines Bhavanipuram,RETAIL24080025,2025-05-17,SIRIS0110D76140400900N26001545FLKAN1106050033,Siri 's Classic Blue Finest Whisky,90,Pet Bottle,BOTTELING_PLAN_1021053,90
17,24080025,M/s Sri Ganapathi Wines Bhavanipuram,RETAIL24080025,2025-05-18,SIRIS0110D76140400900N26001545FLKAN1106050033,Siri 's Classic Blue Finest Whisky,90,Pet Bottle,BOTTELING_PLAN_1021151,169
18,24080025,M/s Sri Ganapathi Wines Bhavanipuram,RETAIL24080025,2025-05-13,SIRIS0110D76140400900N26001545FLKAN1106050033,Siri 's Classic Blue Finest Whisky,90,Pet Bottle,BOTTELING_PLAN_1021053,215
19,24080025,M/s Sri Ganapathi Wines Bhavanipuram,RETAIL24080025,2025-05-19,SIRIS0110D76140400900N26001545FLKAN1106050033,Siri 's Classic Blue Finest Whisky,90,Pet Bottle,BOTTELING_PLAN_1019928,157
20,24080025,M/s Sri Ganapathi Wines Bhavanipuram,RETAIL24080025,2025-05-20,SIRIS0110D76140400900N26001545FLKAN1106050033,Siri 's Classic Blue Finest Whisky,90,Pet Bottle,BOTTELING_PLAN_1021053,33
21,24080025,M/s Sri Ganapathi Wines Bhavanipuram,RETAIL24080025,2025-05-20,SIRIS0110D76140400900N26001545FLKAN1106050033,Siri 's Classic Blue Finest Whisky,90,Pet Bottle,BOTTELING_PLAN_1021151,126
22,24080025,M/s Sri Ganapathi Wines Bhavanipuram,RETAIL24080025,2025-05-21,SIRIS0110D76140400900N26001545FLKAN1106050033,Siri 's Classic Blue Finest Whisky,90,Pet Bottle,BOTTELING_PLAN_1021151,113
23,24080025,M/s Sri Ganapathi Wines Bhavanipuram,RETAIL24080025,2025-05-22,SIRIS0110D76140400900N26001545FLKAN1106050033,Siri 's Classic Blue Finest Whisky,90,Pet Bottle,BOTTELING_PLAN_1021053,89
24,24080025,M/s Sri Ganapathi Wines Bhavanipuram,RETAIL24080025,2025-05-22,SIRIS0110D76140400900N26001545FLKAN1106050033,Siri 's Classic Blue Finest Whisky,90,Pet Bottle,BOTTELING_PLAN_1021151,60
25,24080025,M/s Sri Ganapathi Wines Bhavanipuram,RETAIL24080025,2025-05-23,SIRIS0110D76140400900N26001545FLKAN1106050033,Siri 's Classic Blue Finest Whisky,90,Pet Bottle,BOTTELING_PLAN_1021151,150
26,24080025,M/s Sri Ganapathi Wines Bhavanipuram,RETAIL24080025,2025-05-24,SIRIS0110D76140400900N26001545FLKAN1106050033,Siri 's Classic Blue Finest Whisky,90,Pet Bottle,BOTTELING_PLAN_1021548,117
27,24080025,M/s Sri Ganapathi Wines Bhavanipuram,RETAIL24080025,2025-05-25,SIRIS0110D76140400900N26001545FLKAN1106050033,Siri 's Classic Blue Finest Whisky,90,Pet Bottle,BOTTELING_PLAN_1021548,130
28,24080025,M/s Sri Ganapathi Wines Bhavanipuram,RETAIL24080025,2025-05-26,SIRIS0110D76140400900N26001545FLKAN1106050033,Siri 's Classic Blue Finest Whisky,90,Pet Bottle,BOTTELING_PLAN_1021548,176
29,24080025,M/s Sri Ganapathi Wines Bhavanipuram,RETAIL24080025,2025-05-27,SIRIS0110D76140400900N26001545FLKAN1106050033,Siri 's Classic Blue Finest Whisky,90,Pet Bottle,BOTTELING_PLAN_1021548,154
30,24080025,M/s Sri Ganapathi Wines Bhavanipuram,RETAIL24080025,2025-05-28,SIRIS0110D76140400900N26001545FLKAN1106050033,Siri 's Classic Blue Finest Whisky,90,Pet Bottle,BOTTELING_PLAN_1021548,155
31,24080025,M/s Sri Ganapathi Wines Bhavanipuram,RETAIL24080025,2025-05-29,SIRIS0110D76140400900N26001545FLKAN1106050033,Siri 's Classic Blue Finest Whisky,90,Pet Bottle,BOTTELING_PLAN_1021548,134
32,24080025,M/s Sri Ganapathi Wines Bhavanipuram,RETAIL24080025,2025-06-01,SIRIS0110D76140400900N26001545FLKAN1106050033,Siri 's Classic Blue Finest Whisky,90,Pet Bottle,BOTTELING_PLAN_1021743,135
33,24080025,M/s Sri Ganapathi Wines Bhavanipuram,RETAIL24080025,2025-06-03,SIRIS0110D76140400900N26001545FLKAN1106050033,Siri 's Classic Blue Finest Whisky,90,Pet Bottle,BOTTELING_PLAN_1021743,131
34,24080025,M/s Sri Ganapathi Wines Bhavanipuram,RETAIL24080025,2025-06-02,SIRIS0110D76140400900N26001545FLKAN1106050033,Siri 's Classic Blue Finest Whisky,90,Pet Bottle,BOTTELING_PLAN_1021743,173
35,24080025,M/s Sri Ganapathi Wines Bhavanipuram,RETAIL24080025,2025-06-04,SIRIS0110D76140400900N26001545FLKAN1106050033,Siri 's Classic Blue Finest Whisky,90,Pet Bottle,BOTTELING_PLAN_1021743,135
36,24080025,M/s Sri Ganapathi Wines Bhavanipuram,RETAIL24080025,2025-06-05,SIRIS0110D76140400900N26001545FLKAN1106050033,Siri 's Classic Blue Finest Whisky,90,Pet Bottle,BOTTELING_PLAN_1021743,174
37,24080025,M/s Sri Ganapathi Wines Bhavanipuram,RETAIL24080025,2025-06-07,SIRIS0110D76140400900N26001545FLKAN1106050033,Siri 's Classic Blue Finest Whisky,90,Pet Bottle,BOTTELING_PLAN_1021743,134
38,24080025,M/s Sri Ganapathi Wines Bhavanipuram,RETAIL24080025,2025-06-08,SIRIS0110D76140400900N26001545FLKAN1106050033,Siri 's Classic Blue Finest Whisky,90,Pet Bottle,BOTTELING_PLAN_1021743,133
39,24080025,M/s Sri Ganapathi Wines Bhavanipuram,RETAIL24080025,2025-06-06,SIRIS0110D76140400900N26001545FLKAN1106050033,Siri 's Classic Blue Finest Whisky,90,Pet Bottle,BOTTELING_PLAN_1021743,131
40,24080025,M/s Sri Ganapathi Wines Bhavanipuram,RETAIL24080025,2025-06-09,SIRIS0110D76140400900N26001545FLKAN1106050033,Siri 's Classic Blue Finest Whisky,90,Pet Bottle,BOTTELING_PLAN_1021743,133
41,24080025,M/s Sri Ganapathi Wines Bhavanipuram,RETAIL24080025,2025-06-10,SIRIS0110D76140400900N26001545FLKAN1106050033,Siri 's Classic Blue Finest Whisky,90,Pet Bottle,BOTTELING_PLAN_1021743,132
42,24080025,M/s Sri Ganapathi Wines Bhavanipuram,RETAIL24080025,2025-06-11,SIRIS0110D76140400900N26001545FLKAN1106050033,Siri 's Classic Blue Finest Whisky,90,Pet Bottle,BOTTELING_PLAN_1021743,134
43,24080025,M/s Sri Ganapathi Wines Bhavanipuram,RETAIL24080025,2025-06-12,SIRIS0110D76140400900N26001545FLKAN1106050033,Siri 's Classic Blue Finest Whisky,90,Pet Bottle,BOTTELING_PLAN_1021743,130
44,24080025,M/s Sri Ganapathi Wines Bhavanipuram,RETAIL24080025,2025-06-13,SIRIS0110D76140400900N26001545FLKAN1106050033,Siri 's Classic Blue Finest Whisky,90,Pet Bottle,BOTTELING_PLAN_1022326,48
45,24080025,M/s Sri Ganapathi Wines Bhavanipuram,RETAIL24080025,2025-06-13,SIRIS0110D76140400900N26001545FLKAN1106050033,Siri 's Classic Blue Finest Whisky,90,Pet Bottle,BOTTELING_PLAN_1021743,131
46,24080025,M/s Sri Ganapathi Wines Bhavanipuram,RETAIL24080025,2025-06-14,SIRIS0110D76140400900N26001545FLKAN1106050033,Siri 's Classic Blue Finest Whisky,90,Pet Bottle,BOTTELING_PLAN_1021354,130
47,24080025,M/s Sri Ganapathi Wines Bhavanipuram,RETAIL24080025,2025-06-15,SIRIS0110D76140400900N26001545FLKAN1106050033,Siri 's Classic Blue Finest Whisky,90,Pet Bottle,BOTTELING_PLAN_1022317,43
48,24080025,M/s Sri Ganapathi Wines Bhavanipuram,RETAIL24080025,2025-06-15,SIRIS0110D76140400900N26001545FLKAN1106050033,Siri 's Classic Blue Finest Whisky,90,Pet Bottle,BOTTELING_PLAN_1022326,90
49,24080025,M/s Sri Ganapathi Wines Bhavanipuram,RETAIL24080025,2025-06-16,SIRIS0110D76140400900N26001545FLKAN1106050033,Siri 's Classic Blue Finest Whisky,90,Pet Bottle,BOTTELING_PLAN_1022326,179
50,24080025,M/s Sri Ganapathi Wines Bhavanipuram,RETAIL24080025,2025-06-17,SIRIS0110732140401800N26001545FLKAN1105060024,Siri 's Sentini Special,180,Glass Bottle,BOTTELING_PLAN_1022326,130
51,24080025,M/s Sri Ganapathi Wines Bhavanipuram,RETAIL24080025,2025-06-18,SIRIS0110732140401800N26001545FLKAN1105060024,Siri 's Sentini Special,180,Glass Bottle,BOTTELING_PLAN_1022326,177
52,24080025,M/s Sri Ganapathi Wines Bhavanipuram,RETAIL24080025,2025-06-19,SIRIS0110732140401800N26001545FLKAN1105060024,Siri 's Sentini Special,180,Glass Bottle,BOTTELING_PLAN_1022326,132
53,24080025,M/s Sri Ganapathi Wines Bhavanipuram,RETAIL24080025,2025-06-20,SIRIS0110732140401800N26001545FLKAN1105060024,Siri 's Sentini Special,180,Glass Bottle,BOTTELING_PLAN_1022326,149
54,24080025,M/s Sri Ganapathi Wines Bhavanipuram,RETAIL24080025,2025-06-21,SIRIS0110732140401800N26001545FLKAN1105060024,Siri 's Sentini Special,180,Glass Bottle,BOTTELING_PLAN_1022326,159
55,24080025,M/s Sri Ganapathi Wines Bhavanipuram,RETAIL24080025,2025-06-22,SIRIS0110732140401800N26001545FLKAN1105060024,Siri 's Sentini Special,180,Glass Bottle,BOTTELING_PLAN_1022326,137
56,24080025,M/s Sri Ganapathi Wines Bhavanipuram,RETAIL24080025,2025-06-23,SIRIS0110732140401800N26001545FLKAN1105060024,Siri 's Sentini Special,180,Glass Bottle,BOTTELING_PLAN_1022326,204
57,24080025,M/s Sri Ganapathi Wines Bhavanipuram,RETAIL24080025,2025-06-24,SIRIS0110732140401800N26001545FLKAN1105060024,Siri 's Sentini Special,180,Glass Bottle,BOTTELING_PLAN_1022326,131
58,24080025,M/s Sri Ganapathi Wines Bhavanipuram,RETAIL24080025,2025-06-25,SIRIS0110732140401800N26001545FLKAN1105060024,Siri 's Sentini Special,180,Glass Bottle,BOTTELING_PLAN_1022120,169
59,24080025,M/s Sri Ganapathi Wines Bhavanipuram,RETAIL24080025,2025-06-26,SIRIS0110732140401800N26001545FLKAN1105060024,Siri 's Sentini Special,180,Glass Bottle,BOTTELING_PLAN_1022120,135
60,24080025,M/s Sri Ganapathi Wines Bhavanipuram,RETAIL24080025,2025-06-27,SIRIS0110732140401800N26001545FLKAN1105060024,Siri 's Sentini Special,180,Glass Bottle,BOTTELING_PLAN_1022986,43
61,24080025,M/s Sri Ganapathi Wines Bhavanipuram,RETAIL24080025,2025-06-27,SIRIS0110732140401800N26001545FLKAN1105060024,Siri 's Sentini Special,180,Glass Bottle,BOTTELING_PLAN_1022120,132
62,24080025,M/s Sri Ganapathi Wines Bhavanipuram,RETAIL24080025,2025-06-28,SIRIS0110732140401800N26001545FLKAN1105060024,Siri 's Sentini Special,180,Glass Bottle,BOTTELING_PLAN_1022986,132
63,24080025,M/s Sri Ganapathi Wines Bhavanipuram,RETAIL24080025,2025-06-29,SIRIS0110732140401800N26001545FLKAN1105060024,Siri 's Sentini Special,180,Glass Bottle,BOTTELING_PLAN_1022986,88
64,24080025,M/s Sri Ganapathi Wines Bhavanipuram,RETAIL24080025,2025-06-29,SIRIS0110732140401800N26001545FLKAN1105060024,Siri 's Sentini Special,180,Glass Bottle,BOTTELING_PLAN_1023202,88
65,24080025,M/s Sri Ganapathi Wines Bhavanipuram,RETAIL24080025,2025-06-30,SIRIS0110732140401800N26001545FLKAN1105060024,Siri 's Sentini Special,180,Glass Bottle,BOTTELING_PLAN_1023202,85
66,24080025,M/s Sri Ganapathi Wines Bhavanipuram,RETAIL24080025,2025-07-01,SIRIS0110732140401800N26001545FLKAN1105060024,Siri 's Sentini Special,180,Glass Bottle,BOTTELING_PLAN_1023202,143
67,24080025,M/s Sri Ganapathi Wines Bhavanipuram,RETAIL24080025,2025-07-02,SIRIS0110732140401800N26001545FLKAN1105060024,Siri 's Sentini Special,180,Glass Bottle,BOTTELING_PLAN_1023202,211
68,24080025,M/s Sri Ganapathi Wines Bhavanipuram,RETAIL24080025,2025-07-03,SIRIS0110732140401800N26001545FLKAN1105060024,Siri 's Sentini Special,180,Glass Bottle,BOTTELING_PLAN_1023202,132
69,24080025,M/s Sri Ganapathi Wines Bhavanipuram,RETAIL24080025,2025-07-04,SIRIS0110732140401800N26001545FLKAN1105060024,Siri 's Sentini Special,180,Glass Bottle,BOTTELING_PLAN_1023202,177
70,24080025,M/s Sri Ganapathi Wines Bhavanipuram,RETAIL24080025,2025-07-05,SIRIS0110732140401800N26001545FLKAN1105060024,Siri 's Sentini Special,180,Glass Bottle,BOTTELING_PLAN_1023202,163
71,24080025,M/s Sri Ganapathi Wines Bhavanipuram,RETAIL24080025,2025-07-06,SIRIS0110732140401800N26001545FLKAN1105060024,Siri 's Sentini Special,180,Glass Bottle,BOTTELING_PLAN_1023202,165
72,24080025,M/s Sri Ganapathi Wines Bhavanipuram,RETAIL24080025,2025-07-07,SIRIS0110732140401800N26001545FLKAN1105060024,Siri 's Sentini Special,180,Glass Bottle,BOTTELING_PLAN_1023202,144
73,24080025,M/s Sri Ganapathi Wines Bhavanipuram,RETAIL24080025,2025-07-08,SIRIS0110732140401800N26001545FLKAN1105060024,Siri 's Sentini Special,180,Glass Bottle,BOTTELING_PLAN_1023757,44
74,24080025,M/s Sri Ganapathi Wines Bhavanipuram,RETAIL24080025,2025-07-08,SIRIS0110732140401800N26001545FLKAN1105060024,Siri 's Sentini Special,180,Glass Bottle,BOTTELING_PLAN_1023202,125
75,24080025,M/s Sri Ganapathi Wines Bhavanipuram,RETAIL24080025,2025-07-09,SIRIS0110732140401800N26001545FLKAN1105060024,Siri 's Sentini Special,180,Glass Bottle,BOTTELING_PLAN_1023757,222
76,24080025,M/s Sri Ganapathi Wines Bhavanipuram,RETAIL24080025,2025-07-10,SIRIS0110732140401800N26001545FLKAN1105060024,Siri 's Sentini Special,180,Glass Bottle,BOTTELING_PLAN_1023757,174
77,24080025,M/s Sri Ganapathi Wines Bhavanipuram,RETAIL24080025,2025-07-11,SIRIS0110732140401800N26001545FLKAN1105060024,Siri 's Sentini Special,180,Glass Bottle,BOTTELING_PLAN_1023757,176
78,24080025,M/s Sri Ganapathi Wines Bhavanipuram,RETAIL24080025,2025-07-12,SIRIS0110732140401800N26001545FLKAN1105060024,Siri 's Sentini Special,180,Glass Bottle,BOTTELING_PLAN_1023757,177
79,24080025,M/s Sri Ganapathi Wines Bhavanipuram,RETAIL24080025,2025-07-13,SIRIS0110732140401800N26001545FLKAN1105060024,Siri 's Sentini Special,180,Glass Bottle,BOTTELING_PLAN_1023757,135
80,24080025,M/s Sri Ganapathi Wines Bhavanipuram,RETAIL24080025,2025-07-14,SIRIS0110732140401800N26001545FLKAN1105060024,Siri 's Sentini Special,180,Glass Bottle,BOTTELING_PLAN_1023757,178
81,24080025,M/s Sri Ganapathi Wines Bhavanipuram,RETAIL24080025,2025-07-15,SIRIS0110732140401800N26001545FLKAN1105060024,Siri 's Sentini Special,180,Glass Bottle,BOTTELING_PLAN_1023757,133
82,24080025,M/s Sri Ganapathi Wines Bhavanipuram,RETAIL24080025,2025-07-16,SIRIS0110732140401800N26001545FLKAN1105060024,Siri 's Sentini Special,180,Glass Bottle,BOTTELING_PLAN_1023757,178
83,24080025,M/s Sri Ganapathi Wines Bhavanipuram,RETAIL24080025,2025-07-17,SIRIS0110732140401800N26001545FLKAN1105060024,Siri 's Sentini Special,180,Glass Bottle,BOTTELING_PLAN_1023757,132
84,24080025,M/s Sri Ganapathi Wines Bhavanipuram,RETAIL24080025,2025-07-18,SIRIS0110732140401800N26001545FLKAN1105060024,Siri 's Sentini Special,180,Glass Bottle,BOTTELING_PLAN_1023757,166
85,24080025,M/s Sri Ganapathi Wines Bhavanipuram,RETAIL24080025,2025-07-19,SIRIS0110732140401800N26001545FLKAN1105060024,Siri 's Sentini Special,180,Glass Bottle,BOTTELING_PLAN_1023757,129
86,24080025,M/s Sri Ganapathi Wines Bhavanipuram,RETAIL24080025,2025-07-20,SIRIS0110732140401800N26001545FLKAN1105060024,Siri 's Sentini Special,180,Glass Bottle,BOTTELING_PLAN_1023757,174
87,24080025,M/s Sri Ganapathi Wines Bhavanipuram,RETAIL24080025,2025-07-21,SIRIS0110732140401800N26001545FLKAN1105060024,Siri 's Sentini Special,180,Glass Bottle,BOTTELING_PLAN_1023757,178
88,24080025,M/s Sri Ganapathi Wines Bhavanipuram,RETAIL24080025,2025-07-22,SIRIS0110732140401800N26001545FLKAN1105060024,Siri 's Sentini Special,180,Glass Bottle,BOTTELING_PLAN_1023757,178
89,24080025,M/s Sri Ganapathi Wines Bhavanipuram,RETAIL24080025,2025-07-23,SIRIS0110732140401800N26001545FLKAN1105060024,Siri 's Sentini Special,180,Glass Bottle,BOTTELING_PLAN_1023757,90
90,24080025,M/s Sri Ganapathi Wines Bhavanipuram,RETAIL24080025,2025-07-24,SIRIS0110732140401800N26001545FLKAN1105060024,Siri 's Sentini Special,180,Glass Bottle,BOTTELING_PLAN_1023757,173
91,24080025,M/s Sri Ganapathi Wines Bhavanipuram,RETAIL24080025,2025-07-25,SIRIS0110732140401800N26001545FLKAN1105060024,Siri 's Sentini Special,180,Glass Bottle,BOTTELING_PLAN_1023757,174
92,24080025,M/s Sri Ganapathi Wines Bhavanipuram,RETAIL24080025,2025-07-26,SIRIS0110732140401800N26001545FLKAN1105060024,Siri 's Sentini Special,180,Glass Bottle,BOTTELING_PLAN_1023757,178
93,24080025,M/s Sri Ganapathi Wines Bhavanipuram,RETAIL24080025,2025-07-27,SIRIS0110732140401800N26001545FLKAN1105060024,Siri 's Sentini Special,180,Glass Bottle,BOTTELING_PLAN_1023757,180
94,24080025,M/s Sri Ganapathi Wines Bhavanipuram,RETAIL24080025,2025-07-28,SIRIS0110732140401800N26001545FLKAN1105060024,Siri 's Sentini Special,180,Glass Bottle,BOTTELING_PLAN_1023757,132
95,24080025,M/s Sri Ganapathi Wines Bhavanipuram,RETAIL24080025,2025-07-29,SIRIS0110732140401800N26001545FLKAN1105060024,Siri 's Sentini Special,180,Glass Bottle,BOTTELING_PLAN_1023757,176
96,24080025,M/s Sri Ganapathi Wines Bhavanipuram,RETAIL24080025,2025-07-30,SIRIS0110732140401800N26001545FLKAN1105060024,Siri 's Sentini Special,180,Glass Bottle,BOTTELING_PLAN_1023757,128
97,24080025,M/s Sri Ganapathi Wines Bhavanipuram,RETAIL24080025,2025-07-31,SIRIS0110732140401800N26001545FLKAN1105060024,Siri 's Sentini Special,180,Glass Bottle,BOTTELING_PLAN_1023757,126
98,24080025,M/s Sri Ganapathi Wines Bhavanipuram,RETAIL24080025,2025-08-01,SIRIS0110732140401800N26001545FLKAN1105060024,Siri 's Sentini Special,180,Glass Bottle,BOTTELING_PLAN_1023757,42
99,24080025,M/s Sri Ganapathi Wines Bhavanipuram,RETAIL24080025,2025-08-01,SIRIS0110732140401800N26001545FLKAN1105060024,Siri 's Sentini Special,180,Glass Bottle,BOTTELING_PLAN_1023954,133
100,24080025,M/s Sri Ganapathi Wines Bhavanipuram,RETAIL24080025,2025-08-02,SIRIS0110732140401800N26001545FLKAN1105060024,Siri 's Sentini Special,180,Glass Bottle,BOTTELING_PLAN_1023757,119
101,24080025,M/s Sri Ganapathi Wines Bhavanipuram,RETAIL24080025,2025-08-02,SIRIS0110D76140400900N26001545FLKAN1106050033,Siri 's Classic Blue Finest Whisky,90,Pet Bottle,BOTTELING_PLAN_1024205,16
102,24080025,M/s Sri Ganapathi Wines Bhavanipuram,RETAIL24080025,2025-08-03,SIRIS0110D76140400900N26001545FLKAN1106050033,Siri 's Classic Blue Finest Whisky,90,Pet Bottle,BOTTELING_PLAN_1024205,177
103,24080025,M/s Sri Ganapathi Wines Bhavanipuram,RETAIL24080025,2025-08-04,SIRIS0110D76140400900N26001545FLKAN1106050033,Siri 's Classic Blue Finest Whisky,90,Pet Bottle,BOTTELING_PLAN_1024205,135
104,24080025,M/s Sri Ganapathi Wines Bhavanipuram,RETAIL24080025,2025-08-04,SIRIS0110D76140400900N26001545FLKAN1106050033,Siri 's Classic Blue Finest Whisky,90,Pet Bottle,BOTTELING_PLAN_1024643,45
105,24080025,M/s Sri Ganapathi Wines Bhavanipuram,RETAIL24080025,2025-08-05,SIRIS0110D76140400900N26001545FLKAN1106050033,Siri 's Classic Blue Finest Whisky,90,Pet Bottle,BOTTELING_PLAN_1024205,134
106,24080025,M/s Sri Ganapathi Wines Bhavanipuram,RETAIL24080025,2025-08-06,SIRIS0110D76140400900N26001545FLKAN1106050033,Siri 's Classic Blue Finest Whisky,90,Pet Bottle,BOTTELING_PLAN_1024205,135
107,24080025,M/s Sri Ganapathi Wines Bhavanipuram,RETAIL24080025,2025-08-07,SIRIS0110D76140400900N26001545FLKAN1106050033,Siri 's Classic Blue Finest Whisky,90,Pet Bottle,BOTTELING_PLAN_1024205,135
108,24080025,M/s Sri Ganapathi Wines Bhavanipuram,RETAIL24080025,2025-08-08,SIRIS0110D76140400900N26001545FLKAN1106050033,Siri 's Classic Blue Finest Whisky,90,Pet Bottle,BOTTELING_PLAN_1024205,101
109,24080025,M/s Sri Ganapathi Wines Bhavanipuram,RETAIL24080025,2025-08-08,SIRIS0110D76140400900N26001545FLKAN1106050033,Siri 's Classic Blue Finest Whisky,90,Pet Bottle,BOTTELING_PLAN_1024643,117
110,24080025,M/s Sri Ganapathi Wines Bhavanipuram,RETAIL24080025,2025-08-09,SIRIS0110D76140400900N26001545FLKAN1106050033,Siri 's Classic Blue Finest Whisky,90,Pet Bottle,BOTTELING_PLAN_1024205,177
111,24080025,M/s Sri Ganapathi Wines Bhavanipuram,RETAIL24080025,2025-08-09,SIRIS0110D76140400900N26001545FLKAN1106050033,Siri 's Classic Blue Finest Whisky,90,Pet Bottle,BOTTELING_PLAN_1024643,45
112,24080025,M/s Sri Ganapathi Wines Bhavanipuram,RETAIL24080025,2025-08-10,SIRIS0110D76140400900N26001545FLKAN1106050033,Siri 's Classic Blue Finest Whisky,90,Pet Bottle,BOTTELING_PLAN_1024643,180
113,24080025,M/s Sri Ganapathi Wines Bhavanipuram,RETAIL24080025,2025-08-11,SIRIS0110D76140400900N26001545FLKAN1106050033,Siri 's Classic Blue Finest Whisky,90,Pet Bottle,BOTTELING_PLAN_1024643,179
114,24080025,M/s Sri Ganapathi Wines Bhavanipuram,RETAIL24080025,2025-08-12,SIRIS0110D76140400900N26001545FLKAN1106050033,Siri 's Classic Blue Finest Whisky,90,Pet Bottle,BOTTELING_PLAN_1024643,135
115,24080025,M/s Sri Ganapathi Wines Bhavanipuram,RETAIL24080025,2025-08-13,SIRIS0110D76140400900N26001545FLKAN1106050033,Siri 's Classic Blue Finest Whisky,90,Pet Bottle,BOTTELING_PLAN_1024643,180
116,24080025,M/s Sri Ganapathi Wines Bhavanipuram,RETAIL24080025,2025-08-14,SIRIS0110D76140400900N26001545FLKAN1106050033,Siri 's Classic Blue Finest Whisky,90,Pet Bottle,BOTTELING_PLAN_1024643,180
117,24080025,M/s Sri Ganapathi Wines Bhavanipuram,RETAIL24080025,2025-08-16,SIRIS0110D76140400900N26001545FLKAN1106050033,Siri 's Classic Blue Finest Whisky,90,Pet Bottle,BOTTELING_PLAN_1024643,126
118,24080025,M/s Sri Ganapathi Wines Bhavanipuram,RETAIL24080025,2025-08-17,SIRIS0110D76140400900N26001545FLKAN1106050033,Siri 's Classic Blue Finest Whisky,90,Pet Bottle,BOTTELING_PLAN_1024643,178
119,24080025,M/s Sri Ganapathi Wines Bhavanipuram,RETAIL24080025,2025-08-18,SIRIS0110D76140400900N26001545FLKAN1106050033,Siri 's Classic Blue Finest Whisky,90,Pet Bottle,BOTTELING_PLAN_1024643,150
120,24080025,M/s Sri Ganapathi Wines Bhavanipuram,RETAIL24080025,2025-08-19,SIRIS0110D76140400900N26001545FLKAN1106050033,Siri 's Classic Blue Finest Whisky,90,Pet Bottle,BOTTELING_PLAN_1024843,90
121,24080025,M/s Sri Ganapathi Wines Bhavanipuram,RETAIL24080025,2025-08-19,SIRIS0110D76140400900N26001545FLKAN1106050033,Siri 's Classic Blue Finest Whisky,90,Pet Bottle,BOTTELING_PLAN_1024643,45
122,24080025,M/s Sri Ganapathi Wines Bhavanipuram,RETAIL24080025,2025-08-20,SIRIS0110D76140400900N26001545FLKAN1106050033,Siri 's Classic Blue Finest Whisky,90,Pet Bottle,BOTTELING_PLAN_1024843,135
123,24080025,M/s Sri Ganapathi Wines Bhavanipuram,RETAIL24080025,2025-08-21,SIRIS0110D76140400900N26001545FLKAN1106050033,Siri 's Classic Blue Finest Whisky,90,Pet Bottle,BOTTELING_PLAN_1024843,133
124,24080025,M/s Sri Ganapathi Wines Bhavanipuram,RETAIL24080025,2025-08-22,SIRIS0110D76140400900N26001545FLKAN1106050033,Siri 's Classic Blue Finest Whisky,90,Pet Bottle,BOTTELING_PLAN_1024843,135
125,24080025,M/s Sri Ganapathi Wines Bhavanipuram,RETAIL24080025,2025-08-23,SIRIS0110D76140400900N26001545FLKAN1106050033,Siri 's Classic Blue Finest Whisky,90,Pet Bottle,BOTTELING_PLAN_1024843,168
126,24080025,M/s Sri Ganapathi Wines Bhavanipuram,RETAIL24080025,2025-08-24,SIRIS0110D76140400900N26001545FLKAN1106050033,Siri 's Classic Blue Finest Whisky,90,Pet Bottle,BOTTELING_PLAN_1024843,135
127,24080025,M/s Sri Ganapathi Wines Bhavanipuram,RETAIL24080025,2025-08-25,SIRIS0110D76140400900N26001545FLKAN1106050033,Siri 's Classic Blue Finest Whisky,90,Pet Bottle,BOTTELING_PLAN_1024843,180
128,24080025,M/s Sri Ganapathi Wines Bhavanipuram,RETAIL24080025,2025-08-26,SIRIS0110D76140400900N26001545FLKAN1106050033,Siri 's Classic Blue Finest Whisky,90,Pet Bottle,BOTTELING_PLAN_1024843,135
129,24080025,M/s Sri Ganapathi Wines Bhavanipuram,RETAIL24080025,2025-08-27,SIRIS0110D76140400900N26001545FLKAN1106050033,Siri 's Classic Blue Finest Whisky,90,Pet Bottle,BOTTELING_PLAN_1025359,90
130,24080025,M/s Sri Ganapathi Wines Bhavanipuram,RETAIL24080025,2025-08-28,SIRIS0110D76140400900N26001545FLKAN1106050033,Siri 's Classic Blue Finest Whisky,90,Pet Bottle,BOTTELING_PLAN_1024843,89
131,24080025,M/s Sri Ganapathi Wines Bhavanipuram,RETAIL24080025,2025-08-28,SIRIS0110D76140400900N26001545FLKAN1106050033,Siri 's Classic Blue Finest Whisky,90,Pet Bottle,BOTTELING_PLAN_1025359,86
132,24080025,M/s Sri Ganapathi Wines Bhavanipuram,RETAIL24080025,2025-08-29,SIRIS0110D76140400900N26001545FLKAN1106050033,Siri 's Classic Blue Finest Whisky,90,Pet Bottle,BOTTELING_PLAN_1025359,178
133,24080025,M/s Sri Ganapathi Wines Bhavanipuram,RETAIL24080025,2025-08-30,SIRIS0110D76140400900N26001545FLKAN1106050033,Siri 's Classic Blue Finest Whisky,90,Pet Bottle,BOTTELING_PLAN_1025359,133
134,24080025,M/s Sri Ganapathi Wines Bhavanipuram,RETAIL24080025,2025-08-31,SIRIS0110D76140400900N26001545FLKAN1106050033,Siri 's Classic Blue Finest Whisky,90,Pet Bottle,BOTTELING_PLAN_1025359,179
135,24080025,M/s Sri Ganapathi Wines Bhavanipuram,RETAIL24080025,2025-09-01,SIRIS0110D76140400900N26001545FLKAN1106050033,Siri 's Classic Blue Finest Whisky,90,Pet Bottle,BOTTELING_PLAN_1024843,45
136,24080025,M/s Sri Ganapathi Wines Bhavanipuram,RETAIL24080025,2025-09-01,SIRIS0110D76140400900N26001545FLKAN1106050033,Siri 's Classic Blue Finest Whisky,90,Pet Bottle,BOTTELING_PLAN_1025359,135
137,24080025,M/s Sri Ganapathi Wines Bhavanipuram,RETAIL24080025,2025-09-02,SIRIS0110D76140400900N26001545FLKAN1106050033,Siri 's Classic Blue Finest Whisky,90,Pet Bottle,BOTTELING_PLAN_1024843,135
138,24080025,M/s Sri Ganapathi Wines Bhavanipuram,RETAIL24080025,2025-09-03,SIRIS0110D76140400900N26001545FLKAN1106050033,Siri 's Classic Blue Finest Whisky,90,Pet Bottle,BOTTELING_PLAN_1025078,45
139,24080025,M/s Sri Ganapathi Wines Bhavanipuram,RETAIL24080025,2025-09-03,SIRIS0110D76140400900N26001545FLKAN1106050033,Siri 's Classic Blue Finest Whisky,90,Pet Bottle,BOTTELING_PLAN_1025359,90
140,24080025,M/s Sri Ganapathi Wines Bhavanipuram,RETAIL24080025,2025-09-04,SIRIS0110D76140400900N26001545FLKAN1106050033,Siri 's Classic Blue Finest Whisky,90,Pet Bottle,BOTTELING_PLAN_1025078,134
141,24080025,M/s Sri Ganapathi Wines Bhavanipuram,RETAIL24080025,2025-09-05,SIRIS0110D76140400900N26001545FLKAN1106050033,Siri 's Classic Blue Finest Whisky,90,Pet Bottle,BOTTELING_PLAN_1025078,180
142,24080025,M/s Sri Ganapathi Wines Bhavanipuram,RETAIL24080025,2025-09-06,SIRIS0110D76140400900N26001545FLKAN1106050033,Siri 's Classic Blue Finest Whisky,90,Pet Bottle,BOTTELING_PLAN_1025078,135
143,24080025,M/s Sri Ganapathi Wines Bhavanipuram,RETAIL24080025,2025-09-07,SIRIS0110D76140400900N26001545FLKAN1106050033,Siri 's Classic Blue Finest Whisky,90,Pet Bottle,BOTTELING_PLAN_1025078,135
144,24080025,M/s Sri Ganapathi Wines Bhavanipuram,RETAIL24080025,2025-09-08,SIRIS0110D76140400900N26001545FLKAN1106050033,Siri 's Classic Blue Finest Whisky,90,Pet Bottle,BOTTELING_PLAN_1025355,134
145,24080025,M/s Sri Ganapathi Wines Bhavanipuram,RETAIL24080025,2025-09-09,SIRIS0110D76140400900N26001545FLKAN1106050033,Siri 's Classic Blue Finest Whisky,90,Pet Bottle,BOTTELING_PLAN_1025078,157
146,24080025,M/s Sri Ganapathi Wines Bhavanipuram,RETAIL24080025,2025-09-10,SIRIS0110D76140400900N26001545FLKAN1106050033,Siri 's Classic Blue Finest Whisky,90,Pet Bottle,BOTTELING_PLAN_1025078,143
147,24080025,M/s Sri Ganapathi Wines Bhavanipuram,RETAIL24080025,2025-09-11,SIRIS0110D76140400900N26001545FLKAN1106050033,Siri 's Classic Blue Finest Whisky,90,Pet Bottle,BOTTELING_PLAN_1025078,179
148,24080025,M/s Sri Ganapathi Wines Bhavanipuram,RETAIL24080025,2025-09-12,SIRIS0110D76140400900N26001545FLKAN1106050033,Siri 's Classic Blue Finest Whisky,90,Pet Bottle,BOTTELING_PLAN_1025078,119
149,24080025,M/s Sri Ganapathi Wines Bhavanipuram,RETAIL24080025,2025-09-12,SIRIS0110D76140400900N26001545FLKAN1106050033,Siri 's Classic Blue Finest Whisky,90,Pet Bottle,BOTTELING_PLAN_1025698,61
150,24080025,M/s Sri Ganapathi Wines Bhavanipuram,RETAIL24080025,2025-09-13,SIRIS0110D76140400900N26001545FLKAN1106050033,Siri 's Classic Blue Finest Whisky,90,Pet Bottle,BOTTELING_PLAN_1025698,135
151,24080025,M/s Sri Ganapathi Wines Bhavanipuram,RETAIL24080025,2025-09-14,SIRIS0110D76140400900N26001545FLKAN1106050033,Siri 's Classic Blue Finest Whisky,90,Pet Bottle,BOTTELING_PLAN_1025698,135
152,24080025,M/s Sri Ganapathi Wines Bhavanipuram,RETAIL24080025,2025-09-15,SIRIS0110D76140400900N26001545FLKAN1106050033,Siri 's Classic Blue Finest Whisky,90,Pet Bottle,BOTTELING_PLAN_1025698,135
153,24080025,M/s Sri Ganapathi Wines Bhavanipuram,RETAIL24080025,2025-09-16,SIRIS0110D76140400900N26001545FLKAN1106050033,Siri 's Classic Blue Finest Whisky,90,Pet Bottle,BOTTELING_PLAN_1025698,166
154,24080025,M/s Sri Ganapathi Wines Bhavanipuram,RETAIL24080025,2025-09-17,SIRIS0110D76140400900N26001545FLKAN1106050033,Siri 's Classic Blue Finest Whisky,90,Pet Bottle,BOTTELING_PLAN_1025698,135
155,24080025,M/s Sri Ganapathi Wines Bhavanipuram,RETAIL24080025,2025-09-18,SIRIS0110D76140400900N26001545FLKAN1106050033,Siri 's Classic Blue Finest Whisky,90,Pet Bottle,BOTTELING_PLAN_1025698,135
156,24080025,M/s Sri Ganapathi Wines Bhavanipuram,RETAIL24080025,2025-09-19,SIRIS0110D76140400900N26001545FLKAN1106050033,Siri 's Classic Blue Finest Whisky,90,Pet Bottle,BOTTELING_PLAN_1025698,134
157,24080025,M/s Sri Ganapathi Wines Bhavanipuram,RETAIL24080025,2025-09-20,SIRIS0110D76140400900N26001545FLKAN1106050033,Siri 's Classic Blue Finest Whisky,90,Pet Bottle,BOTTELING_PLAN_1025698,133
158,24080025,M/s Sri Ganapathi Wines Bhavanipuram,RETAIL24080025,2025-09-21,SIRIS0110D76140400900N26001545FLKAN1106050033,Siri 's Classic Blue Finest Whisky,90,Pet Bottle,BOTTELING_PLAN_1025698,135
159,24080025,M/s Sri Ganapathi Wines Bhavanipuram,RETAIL24080025,2025-09-22,SIRIS0110D76140400900N26001545FLKAN1106050033,Siri 's Classic Blue Finest Whisky,90,Pet Bottle,BOTTELING_PLAN_1025940,60
160,24080025,M/s Sri Ganapathi Wines Bhavanipuram,RETAIL24080025,2025-09-23,SIRIS0110D76140400900N26001545FLKAN1106050033,Siri 's Classic Blue Finest Whisky,90,Pet Bottle,BOTTELING_PLAN_1025940,119
161,24080025,M/s Sri Ganapathi Wines Bhavanipuram,RETAIL24080025,2025-09-24,SIRIS0110D76140400900N26001545FLKAN1106050033,Siri 's Classic Blue Finest Whisky,90,Pet Bottle,BOTTELING_PLAN_1025940,134
162,24080025,M/s Sri Ganapathi Wines Bhavanipuram,RETAIL24080025,2025-09-25,SIRIS0110D76140400900N26001545FLKAN1106050033,Siri 's Classic Blue Finest Whisky,90,Pet Bottle,BOTTELING_PLAN_1025940,135
163,24080025,M/s Sri Ganapathi Wines Bhavanipuram,RETAIL24080025,2025-09-26,SIRIS0110D76140400900N26001545FLKAN1106050033,Siri 's Classic Blue Finest Whisky,90,Pet Bottle,BOTTELING_PLAN_1025940,180
164,24080025,M/s Sri Ganapathi Wines Bhavanipuram,RETAIL24080025,2025-09-27,SIRIS0110D76140400900N26001545FLKAN1106050033,Siri 's Classic Blue Finest Whisky,90,Pet Bottle,BOTTELING_PLAN_1025940,105
165,24080025,M/s Sri Ganapathi Wines Bhavanipuram,RETAIL24080025,2025-09-28,SIRIS0110D76140400900N26001545FLKAN1106050033,Siri 's Classic Blue Finest Whisky,90,Pet Bottle,BOTTELING_PLAN_1025940,120
166,24080025,M/s Sri Ganapathi Wines Bhavanipuram,RETAIL24080025,2025-09-29,SIRIS0110D76140400900N26001545FLKAN1106050033,Siri 's Classic Blue Finest Whisky,90,Pet Bottle,BOTTELING_PLAN_1025940,135
167,24080025,M/s Sri Ganapathi Wines Bhavanipuram,RETAIL24080025,2025-09-30,SIRIS0110D76140400900N26001545FLKAN1106050033,Siri 's Classic Blue Finest Whisky,90,Pet Bottle,BOTTELING_PLAN_1025940,135
168,24080025,M/s Sri Ganapathi Wines Bhavanipuram,RETAIL24080025,2025-10-01,SIRIS0110D76140400900N26001545FLKAN1106050033,Siri 's Classic Blue Finest Whisky,90,Pet Bottle,BOTTELING_PLAN_1025940,130
169,24080025,M/s Sri Ganapathi Wines Bhavanipuram,RETAIL24080025,2025-10-03,SIRIS0110D76140400900N26001545FLKAN1106050033,Siri 's Classic Blue Finest Whisky,90,Pet Bottle,BOTTELING_PLAN_1025940,132
170,24080025,M/s Sri Ganapathi Wines Bhavanipuram,RETAIL24080025,2025-10-04,SIRIS0110D76140400900N26001545FLKAN1106050033,Siri 's Classic Blue Finest Whisky,90,Pet Bottle,BOTTELING_PLAN_1025940,135
171,24080025,M/s Sri Ganapathi Wines Bhavanipuram,RETAIL24080025,2025-10-05,SIRIS0110D76140400900N26001545FLKAN1106050033,Siri 's Classic Blue Finest Whisky,90,Pet Bottle,BOTTELING_PLAN_1025940,135
172,24080025,M/s Sri Ganapathi Wines Bhavanipuram,RETAIL24080025,2025-10-06,SIRIS0110D76140400900N26001545FLKAN1106050033,Siri 's Classic Blue Finest Whisky,90,Pet Bottle,BOTTELING_PLAN_1025940,135
173,24080025,M/s Sri Ganapathi Wines Bhavanipuram,RETAIL24080025,2025-10-07,SIRIS0110D76140400900N26001545FLKAN1106050033,Siri 's Classic Blue Finest Whisky,90,Pet Bottle,BOTTELING_PLAN_1025940,131
174,24080025,M/s Sri Ganapathi Wines Bhavanipuram,RETAIL24080025,2025-10-08,SIRIS0110D76140400900N26001545FLKAN1106050033,Siri 's Classic Blue Finest Whisky,90,Pet Bottle,BOTTELING_PLAN_1025940,163
175,24080025,M/s Sri Ganapathi Wines Bhavanipuram,RETAIL24080025,2025-10-09,SIRIS0110D76140400900N26001545FLKAN1106050033,Siri 's Classic Blue Finest Whisky,90,Pet Bottle,BOTTELING_PLAN_1025940,34
176,24080025,M/s Sri Ganapathi Wines Bhavanipuram,RETAIL24080025,2025-10-12,SIRIS0110D76140400900N26001545FLKAN1106050033,Siri 's Classic Blue Finest Whisky,90,Pet Bottle,BOTTELING_PLAN_1026495,45
177,24080025,M/s Sri Ganapathi Wines Bhavanipuram,RETAIL24080025,2025-10-13,SIRIS0110D76140400900N26001545FLKAN1106050033,Siri 's Classic Blue Finest Whisky,90,Pet Bottle,BOTTELING_PLAN_1026495,135
178,24080025,M/s Sri Ganapathi Wines Bhavanipuram,RETAIL24080025,2025-10-14,SIRIS0110D76140400900N26001545FLKAN1106050033,Siri 's Classic Blue Finest Whisky,90,Pet Bottle,BOTTELING_PLAN_1026816,42
179,24080025,M/s Sri Ganapathi Wines Bhavanipuram,RETAIL24080025,2025-10-14,SIRIS0110D76140400900N26001545FLKAN1106050033,Siri 's Classic Blue Finest Whisky,90,Pet Bottle,BOTTELING_PLAN_1026495,90
180,24080025,M/s Sri Ganapathi Wines Bhavanipuram,RETAIL24080025,2025-10-15,SIRIS0110D76140400900N26001545FLKAN1106050033,Siri 's Classic Blue Finest Whisky,90,Pet Bottle,BOTTELING_PLAN_1026816,45
181,24080025,M/s Sri Ganapathi Wines Bhavanipuram,RETAIL24080025,2025-10-15,SIRIS0110D76140400900N26001545FLKAN1106050033,Siri 's Classic Blue Finest Whisky,90,Pet Bottle,BOTTELING_PLAN_1026495,87
182,24080025,M/s Sri Ganapathi Wines Bhavanipuram,RETAIL24080025,2025-10-16,SIRIS0110D76140400900N26001545FLKAN1106050033,Siri 's Classic Blue Finest Whisky,90,Pet Bottle,BOTTELING_PLAN_1026816,43
183,24080025,M/s Sri Ganapathi Wines Bhavanipuram,RETAIL24080025,2025-10-16,SIRIS0110D76140400900N26001545FLKAN1106050033,Siri 's Classic Blue Finest Whisky,90,Pet Bottle,BOTTELING_PLAN_1026495,88
184,24080025,M/s Sri Ganapathi Wines Bhavanipuram,RETAIL24080025,2025-10-17,SIRIS0110D76140400900N26001545FLKAN1106050033,Siri 's Classic Blue Finest Whisky,90,Pet Bottle,BOTTELING_PLAN_1026816,90
185,24080025,M/s Sri Ganapathi Wines Bhavanipuram,RETAIL24080025,2025-10-17,SIRIS0110D76140400900N26001545FLKAN1106050033,Siri 's Classic Blue Finest Whisky,90,Pet Bottle,BOTTELING_PLAN_1026495,90
186,24080025,M/s Sri Ganapathi Wines Bhavanipuram,RETAIL24080025,2025-10-18,SIRIS0110D76140400900N26001545FLKAN1106050033,Siri 's Classic Blue Finest Whisky,90,Pet Bottle,BOTTELING_PLAN_1026816,45
187,24080025,M/s Sri Ganapathi Wines Bhavanipuram,RETAIL24080025,2025-10-18,SIRIS0110D76140400900N26001545FLKAN1106050033,Siri 's Classic Blue Finest Whisky,90,Pet Bottle,BOTTELING_PLAN_1026495,90
188,24080025,M/s Sri Ganapathi Wines Bhavanipuram,RETAIL24080025,2025-10-19,SIRIS0110D76140400900N26001545FLKAN1106050033,Siri 's Classic Blue Finest Whisky,90,Pet Bottle,BOTTELING_PLAN_1027137,134
189,24080025,M/s Sri Ganapathi Wines Bhavanipuram,RETAIL24080025,2025-10-20,SIRIS0110D76140400900N26001545FLKAN1106050033,Siri 's Classic Blue Finest Whisky,90,Pet Bottle,BOTTELING_PLAN_1027137,234
190,24080025,M/s Sri Ganapathi Wines Bhavanipuram,RETAIL24080025,2025-10-21,SIRIS0110D76140400900N26001545FLKAN1106050033,Siri 's Classic Blue Finest Whisky,90,Pet Bottle,BOTTELING_PLAN_1027137,133
191,24080025,M/s Sri Ganapathi Wines Bhavanipuram,RETAIL24080025,2025-10-22,SIRIS0110D76140400900N26001545FLKAN1106050033,Siri 's Classic Blue Finest Whisky,90,Pet Bottle,BOTTELING_PLAN_1027137,132
192,24080025,M/s Sri Ganapathi Wines Bhavanipuram,RETAIL24080025,2025-10-23,SIRIS0110D76140400900N26001545FLKAN1106050033,Siri 's Classic Blue Finest Whisky,90,Pet Bottle,BOTTELING_PLAN_1027137,165
193,24080025,M/s Sri Ganapathi Wines Bhavanipuram,RETAIL24080025,2025-10-24,SIRIS0110D76140400900N26001545FLKAN1106050033,Siri 's Classic Blue Finest Whisky,90,Pet Bottle,BOTTELING_PLAN_1027137,177
194,24080025,M/s Sri Ganapathi Wines Bhavanipuram,RETAIL24080025,2025-10-25,SIRIS0110D76140400900N26001545FLKAN1106050033,Siri 's Classic Blue Finest Whisky,90,Pet Bottle,BOTTELING_PLAN_1027137,177
195,24080025,M/s Sri Ganapathi Wines Bhavanipuram,RETAIL24080025,2025-10-26,SIRIS0110D76140400900N26001545FLKAN1106050033,Siri 's Classic Blue Finest Whisky,90,Pet Bottle,BOTTELING_PLAN_1027137,135
196,24080025,M/s Sri Ganapathi Wines Bhavanipuram,RETAIL24080025,2025-10-27,SIRIS0110D76140400900N26001545FLKAN1106050033,Siri 's Classic Blue Finest Whisky,90,Pet Bottle,BOTTELING_PLAN_1027137,176
197,24080025,M/s Sri Ganapathi Wines Bhavanipuram,RETAIL24080025,2025-10-28,SIRIS0110D76140400900N26001545FLKAN1106050033,Siri 's Classic Blue Finest Whisky,90,Pet Bottle,BOTTELING_PLAN_1027137,180
198,24080025,M/s Sri Ganapathi Wines Bhavanipuram,RETAIL24080025,2025-10-29,SIRIS0110D76140400900N26001545FLKAN1106050033,Siri 's Classic Blue Finest Whisky,90,Pet Bottle,BOTTELING_PLAN_1027137,132
199,24080025,M/s Sri Ganapathi Wines Bhavanipuram,RETAIL24080025,2025-10-30,SIRIS0110D76140400900N26001545FLKAN1106050033,Siri 's Classic Blue Finest Whisky,90,Pet Bottle,BOTTELING_PLAN_1027137,135
200,24080025,M/s Sri Ganapathi Wines Bhavanipuram,RETAIL24080025,2025-10-31,SIRIS0110D76140400900N26001545FLKAN1106050033,Siri 's Classic Blue Finest Whisky,90,Pet Bottle,BOTTELING_PLAN_1027137,135
